Level,Mode,Won,Moves,Budget
1,Classic,True,1,160
1,Chaos,True,1,160
1,Normal,True,0,160
1,Classic,True,0,160
1,Chaos,True,1,160
1,Normal,True,1,160
1,Classic,True,4,160
1,Chaos,True,1,160
1,Normal,True,2,160
2,Classic,True,1,160
2,Chaos,True,2,160
2,Normal,True,0,160
2,Classic,True,0,160
2,Chaos,True,1,160
2,Normal,True,0,160
2,Classic,True,1,160
2,Chaos,True,0,160
2,Normal,True,1,160
3,Classic,True,6,160
3,Chaos,True,1,160
3,Normal,True,5,160
3,Classic,True,2,160
3,Chaos,True,0,160
3,Normal,True,1,160
3,Classic,True,4,160
3,Chaos,True,3,160
3,Normal,True,1,160
4,Classic,True,1,160
4,Chaos,True,1,160
4,Normal,True,1,160
4,Classic,True,1,160
4,Chaos,True,2,160
4,Normal,True,8,160
4,Classic,True,2,160
4,Chaos,True,2,160
4,Normal,True,1,160
5,Classic,True,4,160
5,Chaos,True,8,160
5,Normal,True,2,160
5,Classic,True,9,160
5,Chaos,True,4,160
5,Normal,True,1,160
5,Classic,True,2,160
5,Chaos,True,9,160
5,Normal,True,1,160
6,Classic,True,5,160
6,Chaos,True,9,160
6,Normal,True,4,160
6,Classic,True,3,160
6,Chaos,True,1,160
6,Normal,True,1,160
6,Classic,True,4,160
6,Chaos,True,1,160
6,Normal,True,2,160
7,Classic,True,5,160
7,Chaos,True,8,160
7,Normal,True,1,160
7,Classic,True,5,160
7,Chaos,True,5,160
7,Normal,True,3,160
7,Classic,True,1,160
7,Chaos,True,5,160
7,Normal,True,6,160
8,Classic,True,4,160
8,Chaos,True,5,160
8,Normal,True,3,160
8,Classic,True,1,160
8,Chaos,True,3,160
8,Normal,True,4,160
8,Classic,True,1,160
8,Chaos,True,6,160
8,Normal,True,5,160
9,Classic,True,4,160
9,Chaos,True,3,160
9,Normal,True,1,160
9,Classic,True,4,160
9,Chaos,True,3,160
9,Normal,True,3,160
9,Classic,True,7,160
9,Chaos,True,4,160
9,Normal,True,0,160
10,Classic,True,2,160
10,Chaos,True,7,160
10,Normal,True,2,160
10,Classic,True,10,160
10,Chaos,True,1,160
10,Normal,True,2,160
10,Classic,True,3,160
10,Chaos,True,1,160
10,Normal,True,2,160
11,Classic,True,6,160
11,Chaos,True,1,160
11,Normal,True,5,160
11,Classic,True,2,160
11,Chaos,True,4,160
11,Normal,True,8,160
11,Classic,True,5,160
11,Chaos,True,4,160
11,Normal,True,2,160
12,Classic,True,4,50
12,Chaos,True,1,50
12,Normal,True,2,50
12,Classic,True,2,50
12,Chaos,True,8,50
12,Normal,True,8,50
12,Classic,True,6,50
12,Chaos,True,1,50
12,Normal,True,1,50
13,Classic,True,2,50
13,Chaos,True,1,50
13,Normal,True,10,50
13,Classic,True,1,50
13,Chaos,True,3,50
13,Normal,True,7,50
13,Classic,True,2,50
13,Chaos,True,1,50
13,Normal,True,2,50
14,Classic,True,1,50
14,Chaos,True,8,50
14,Normal,True,2,50
14,Classic,True,3,50
14,Chaos,True,9,50
14,Normal,True,2,50
14,Classic,True,2,50
14,Chaos,True,7,50
14,Normal,True,1,50
15,Classic,True,4,50
15,Chaos,True,6,50
15,Normal,True,2,50
15,Classic,True,8,50
15,Chaos,True,2,50
15,Normal,True,8,50
15,Classic,True,7,50
15,Chaos,True,3,50
15,Normal,True,6,50
16,Classic,True,3,50
16,Chaos,True,2,50
16,Normal,True,5,50
16,Classic,True,1,50
16,Chaos,True,4,50
16,Normal,True,1,50
16,Classic,True,1,50
16,Chaos,True,2,50
16,Normal,True,1,50
17,Classic,True,6,50
17,Chaos,True,10,50
17,Normal,True,2,50
17,Classic,True,12,50
17,Chaos,True,6,50
17,Normal,True,4,50
17,Classic,True,9,50
17,Chaos,True,2,50
17,Normal,True,4,50
18,Classic,True,15,46
18,Chaos,True,3,46
18,Normal,True,3,46
18,Classic,True,9,46
18,Chaos,True,3,46
18,Normal,True,7,46
18,Classic,True,4,46
18,Chaos,True,14,46
18,Normal,True,1,46
19,Classic,True,9,160
19,Chaos,True,2,160
19,Normal,True,4,160
19,Classic,True,6,160
19,Chaos,True,3,160
19,Normal,True,1,160
19,Classic,True,1,160
19,Chaos,True,1,160
19,Normal,True,5,160
20,Classic,True,2,50
20,Chaos,True,9,50
20,Normal,True,3,50
20,Classic,True,2,50
20,Chaos,True,3,50
20,Normal,True,1,50
20,Classic,True,2,50
20,Chaos,True,9,50
20,Normal,True,1,50
21,Classic,True,1,160
21,Chaos,True,1,160
21,Normal,True,4,160
21,Classic,True,4,160
21,Chaos,True,2,160
21,Normal,True,6,160
21,Classic,True,3,160
21,Chaos,True,13,160
21,Normal,True,4,160
22,Classic,True,4,52
22,Chaos,True,6,52
22,Normal,True,16,52
22,Classic,True,6,52
22,Chaos,True,1,52
22,Normal,True,3,52
22,Classic,True,5,52
22,Chaos,True,4,52
22,Normal,True,4,52
23,Classic,True,1,52
23,Chaos,True,1,52
23,Normal,True,1,52
23,Classic,True,8,52
23,Chaos,True,4,52
23,Normal,True,2,52
23,Classic,True,12,52
23,Chaos,True,6,52
23,Normal,True,1,52
24,Classic,True,11,52
24,Chaos,True,2,52
24,Normal,True,1,52
24,Classic,True,5,52
24,Chaos,True,3,52
24,Normal,True,6,52
24,Classic,True,7,52
24,Chaos,True,14,52
24,Normal,True,1,52
25,Classic,True,3,52
25,Chaos,True,7,52
25,Normal,True,3,52
25,Classic,True,23,52
25,Chaos,True,4,52
25,Normal,True,3,52
25,Classic,True,7,52
25,Chaos,True,5,52
25,Normal,True,8,52
26,Classic,True,8,52
26,Chaos,True,11,52
26,Normal,True,2,52
26,Classic,True,8,52
26,Chaos,True,4,52
26,Normal,True,4,52
26,Classic,True,6,52
26,Chaos,True,2,52
26,Normal,True,4,52
27,Classic,True,11,52
27,Chaos,True,5,52
27,Normal,True,9,52
27,Classic,True,10,52
27,Chaos,True,11,52
27,Normal,True,6,52
27,Classic,True,6,52
27,Chaos,True,3,52
27,Normal,True,3,52
28,Classic,True,11,48
28,Chaos,True,12,48
28,Normal,True,11,48
28,Classic,True,2,48
28,Chaos,True,8,48
28,Normal,True,3,48
28,Classic,True,5,48
28,Chaos,True,19,48
28,Normal,True,2,48
29,Classic,True,5,160
29,Chaos,True,3,160
29,Normal,True,4,160
29,Classic,True,1,160
29,Chaos,True,1,160
29,Normal,True,6,160
29,Classic,True,2,160
29,Chaos,True,4,160
29,Normal,True,1,160
30,Classic,True,9,52
30,Chaos,True,10,52
30,Normal,True,2,52
30,Classic,True,4,52
30,Chaos,True,15,52
30,Normal,True,3,52
30,Classic,True,3,52
30,Chaos,True,9,52
30,Normal,True,1,52
31,Classic,True,8,160
31,Chaos,True,2,160
31,Normal,True,7,160
31,Classic,True,75,160
31,Chaos,True,7,160
31,Normal,True,1,160
31,Classic,True,10,160
31,Chaos,True,3,160
31,Normal,True,5,160
32,Classic,True,8,54
32,Chaos,True,20,54
32,Normal,True,3,54
32,Classic,True,17,54
32,Chaos,True,9,54
32,Normal,True,2,54
32,Classic,True,5,54
32,Chaos,True,1,54
32,Normal,True,28,54
33,Classic,True,9,54
33,Chaos,True,7,54
33,Normal,True,3,54
33,Classic,True,10,54
33,Chaos,True,3,54
33,Normal,True,1,54
33,Classic,True,6,54
33,Chaos,True,4,54
33,Normal,True,6,54
34,Classic,True,11,54
34,Chaos,True,6,54
34,Normal,True,27,54
34,Classic,True,6,54
34,Chaos,True,15,54
34,Normal,True,18,54
34,Classic,True,3,54
34,Chaos,True,19,54
34,Normal,True,5,54
35,Classic,True,10,54
35,Chaos,True,3,54
35,Normal,True,1,54
35,Classic,True,4,54
35,Chaos,True,7,54
35,Normal,True,2,54
35,Classic,True,2,54
35,Chaos,True,10,54
35,Normal,True,7,54
36,Classic,True,6,54
36,Chaos,True,3,54
36,Normal,True,5,54
36,Classic,True,7,54
36,Chaos,True,18,54
36,Normal,True,1,54
36,Classic,True,8,54
36,Chaos,True,13,54
36,Normal,True,13,54
37,Classic,True,9,54
37,Chaos,True,5,54
37,Normal,True,4,54
37,Classic,True,12,54
37,Chaos,True,4,54
37,Normal,True,2,54
37,Classic,True,10,54
37,Chaos,True,4,54
37,Normal,True,4,54
38,Classic,True,28,50
38,Chaos,True,10,50
38,Normal,True,29,50
38,Classic,True,3,50
38,Chaos,True,22,50
38,Normal,False,50,50
38,Classic,True,35,50
38,Chaos,True,12,50
38,Normal,True,30,50
39,Classic,True,1,160
39,Chaos,True,3,160
39,Normal,True,5,160
39,Classic,True,3,160
39,Chaos,True,3,160
39,Normal,True,4,160
39,Classic,True,2,160
39,Chaos,True,1,160
39,Normal,True,1,160
40,Classic,True,1,54
40,Chaos,True,10,54
40,Normal,True,25,54
40,Classic,True,41,54
40,Chaos,True,1,54
40,Normal,True,15,54
40,Classic,True,5,54
40,Chaos,True,6,54
40,Normal,True,49,54
41,Classic,True,134,160
41,Chaos,True,11,160
41,Normal,True,22,160
41,Classic,True,42,160
41,Chaos,True,14,160
41,Normal,True,32,160
41,Classic,True,62,160
41,Chaos,True,4,160
41,Normal,True,23,160
42,Classic,True,8,56
42,Chaos,True,6,56
42,Normal,True,13,56
42,Classic,True,4,56
42,Chaos,True,3,56
42,Normal,True,13,56
42,Classic,True,4,56
42,Chaos,True,7,56
42,Normal,True,3,56
43,Classic,True,10,56
43,Chaos,True,7,56
43,Normal,True,12,56
43,Classic,False,56,56
43,Chaos,True,16,56
43,Normal,True,2,56
43,Classic,True,18,56
43,Chaos,True,13,56
43,Normal,True,21,56
44,Classic,True,9,68
44,Chaos,True,8,68
44,Normal,True,3,68
44,Classic,True,8,68
44,Chaos,True,7,68
44,Normal,True,9,68
44,Classic,True,50,68
44,Chaos,True,3,68
44,Normal,True,7,68
45,Classic,True,49,56
45,Chaos,True,7,56
45,Normal,True,3,56
45,Classic,True,41,56
45,Chaos,True,3,56
45,Normal,True,1,56
45,Classic,True,8,56
45,Chaos,True,7,56
45,Normal,True,3,56
46,Classic,True,14,56
46,Chaos,True,43,56
46,Normal,True,2,56
46,Classic,True,46,56
46,Chaos,True,5,56
46,Normal,True,4,56
46,Classic,True,39,56
46,Chaos,True,13,56
46,Normal,True,11,56
47,Classic,False,56,56
47,Chaos,True,18,56
47,Normal,True,29,56
47,Classic,True,13,56
47,Chaos,True,11,56
47,Normal,True,16,56
47,Classic,True,25,56
47,Chaos,True,7,56
47,Normal,True,6,56
48,Classic,True,24,64
48,Chaos,True,30,64
48,Normal,True,29,64
48,Classic,False,64,64
48,Chaos,True,13,64
48,Normal,True,19,64
48,Classic,True,12,64
48,Chaos,True,54,64
48,Normal,True,24,64
49,Classic,True,3,160
49,Chaos,True,2,160
49,Normal,True,6,160
49,Classic,True,4,160
49,Chaos,True,8,160
49,Normal,True,2,160
49,Classic,True,1,160
49,Chaos,True,6,160
49,Normal,True,3,160
50,Classic,True,21,56
50,Chaos,True,21,56
50,Normal,True,19,56
50,Classic,True,3,56
50,Chaos,True,23,56
50,Normal,True,5,56
50,Classic,True,9,56
50,Chaos,True,9,56
50,Normal,True,2,56
51,Classic,True,32,160
51,Chaos,True,23,160
51,Normal,True,9,160
51,Classic,True,88,160
51,Chaos,True,33,160
51,Normal,True,4,160
51,Classic,True,14,160
51,Chaos,True,13,160
51,Normal,True,8,160
52,Classic,True,12,58
52,Chaos,True,16,58
52,Normal,True,19,58
52,Classic,True,19,58
52,Chaos,True,27,58
52,Normal,True,11,58
52,Classic,True,5,58
52,Chaos,True,26,58
52,Normal,True,8,58
53,Classic,True,18,70
53,Chaos,True,7,70
53,Normal,True,10,70
53,Classic,True,24,70
53,Chaos,True,11,70
53,Normal,True,9,70
53,Classic,True,11,70
53,Chaos,True,8,70
53,Normal,True,12,70
54,Classic,True,8,58
54,Chaos,True,8,58
54,Normal,True,6,58
54,Classic,True,7,58
54,Chaos,True,15,58
54,Normal,True,12,58
54,Classic,True,2,58
54,Chaos,True,19,58
54,Normal,True,21,58
55,Classic,True,3,58
55,Chaos,True,19,58
55,Normal,True,8,58
55,Classic,False,58,58
55,Chaos,True,11,58
55,Normal,True,4,58
55,Classic,True,15,58
55,Chaos,True,17,58
55,Normal,True,6,58
56,Classic,True,27,58
56,Chaos,True,13,58
56,Normal,True,7,58
56,Classic,True,4,58
56,Chaos,True,5,58
56,Normal,True,23,58
56,Classic,True,31,58
56,Chaos,True,3,58
56,Normal,True,3,58
57,Classic,True,10,58
57,Chaos,True,5,58
57,Normal,True,20,58
57,Classic,True,2,58
57,Chaos,True,14,58
57,Normal,True,7,58
57,Classic,True,11,58
57,Chaos,True,5,58
57,Normal,True,10,58
58,Classic,False,54,54
58,Chaos,True,27,54
58,Normal,True,54,54
58,Classic,True,26,54
58,Chaos,True,9,54
58,Normal,True,18,54
58,Classic,True,26,54
58,Chaos,True,17,54
58,Normal,True,17,54
59,Classic,True,2,160
59,Chaos,True,2,160
59,Normal,True,6,160
59,Classic,True,10,160
59,Chaos,True,1,160
59,Normal,True,2,160
59,Classic,True,1,160
59,Chaos,True,8,160
59,Normal,True,12,160
60,Classic,True,32,58
60,Chaos,True,7,58
60,Normal,True,29,58
60,Classic,True,14,58
60,Chaos,True,15,58
60,Normal,True,8,58
60,Classic,True,18,58
60,Chaos,True,2,58
60,Normal,True,10,58
61,Classic,True,34,160
61,Chaos,True,8,160
61,Normal,True,14,160
61,Classic,True,16,160
61,Chaos,True,12,160
61,Normal,True,2,160
61,Classic,True,58,160
61,Chaos,True,20,160
61,Normal,True,4,160
62,Classic,True,12,60
62,Chaos,True,17,60
62,Normal,True,2,60
62,Classic,True,12,60
62,Chaos,True,6,60
62,Normal,True,4,60
62,Classic,True,5,60
62,Chaos,True,18,60
62,Normal,True,10,60
63,Classic,True,29,60
63,Chaos,True,8,60
63,Normal,True,13,60
63,Classic,True,59,60
63,Chaos,True,7,60
63,Normal,True,8,60
63,Classic,True,12,60
63,Chaos,True,5,60
63,Normal,True,10,60
64,Classic,True,4,60
64,Chaos,True,15,60
64,Normal,True,3,60
64,Classic,True,16,60
64,Chaos,True,20,60
64,Normal,True,18,60
64,Classic,True,20,60
64,Chaos,True,1,60
64,Normal,True,3,60
65,Classic,True,1,72
65,Chaos,True,14,72
65,Normal,True,18,72
65,Classic,True,4,72
65,Chaos,True,1,72
65,Normal,True,2,72
65,Classic,True,24,72
65,Chaos,True,7,72
65,Normal,True,9,72
66,Classic,True,11,60
66,Chaos,True,7,60
66,Normal,True,7,60
66,Classic,True,14,60
66,Chaos,True,2,60
66,Normal,True,8,60
66,Classic,True,10,60
66,Chaos,True,10,60
66,Normal,True,11,60
67,Classic,True,14,60
67,Chaos,True,19,60
67,Normal,True,2,60
67,Classic,True,16,60
67,Chaos,True,16,60
67,Normal,True,2,60
67,Classic,True,2,60
67,Chaos,True,6,60
67,Normal,True,19,60
68,Classic,False,68,68
68,Chaos,True,9,68
68,Normal,True,37,68
68,Classic,True,48,68
68,Chaos,True,25,68
68,Normal,True,42,68
68,Classic,True,49,68
68,Chaos,True,38,68
68,Normal,False,68,68
69,Classic,True,3,160
69,Chaos,True,4,160
69,Normal,True,2,160
69,Classic,True,7,160
69,Chaos,True,6,160
69,Normal,True,4,160
69,Classic,True,7,160
69,Chaos,True,5,160
69,Normal,True,2,160
70,Classic,True,19,60
70,Chaos,True,33,60
70,Normal,True,14,60
70,Classic,True,2,60
70,Chaos,True,4,60
70,Normal,True,18,60
70,Classic,False,60,60
70,Chaos,True,9,60
70,Normal,True,5,60
71,Classic,True,67,160
71,Chaos,True,14,160
71,Normal,True,27,160
71,Classic,True,24,160
71,Chaos,True,25,160
71,Normal,True,27,160
71,Classic,True,2,160
71,Chaos,True,7,160
71,Normal,True,28,160
72,Classic,True,23,62
72,Chaos,True,12,62
72,Normal,True,20,62
72,Classic,True,10,62
72,Chaos,True,3,62
72,Normal,True,21,62
72,Classic,True,20,62
72,Chaos,True,11,62
72,Normal,True,24,62
73,Classic,True,14,62
73,Chaos,True,9,62
73,Normal,True,8,62
73,Classic,True,9,62
73,Chaos,True,22,62
73,Normal,True,17,62
73,Classic,True,42,62
73,Chaos,True,9,62
73,Normal,True,13,62
74,Classic,True,9,62
74,Chaos,True,5,62
74,Normal,True,2,62
74,Classic,True,7,62
74,Chaos,True,23,62
74,Normal,True,6,62
74,Classic,True,3,62
74,Chaos,True,8,62
74,Normal,True,8,62
75,Classic,False,62,62
75,Chaos,True,19,62
75,Normal,True,24,62
75,Classic,False,62,62
75,Chaos,True,16,62
75,Normal,True,12,62
75,Classic,True,19,62
75,Chaos,True,22,62
75,Normal,True,4,62
76,Classic,True,20,62
76,Chaos,True,7,62
76,Normal,True,4,62
76,Classic,True,10,62
76,Chaos,True,6,62
76,Normal,True,2,62
76,Classic,True,9,62
76,Chaos,True,9,62
76,Normal,True,11,62
77,Classic,True,9,62
77,Chaos,True,8,62
77,Normal,True,12,62
77,Classic,True,41,62
77,Chaos,True,17,62
77,Normal,True,23,62
77,Classic,True,34,62
77,Chaos,True,2,62
77,Normal,True,4,62
78,Classic,True,40,58
78,Chaos,True,21,58
78,Normal,True,33,58
78,Classic,False,58,58
78,Chaos,True,13,58
78,Normal,True,12,58
78,Classic,True,48,58
78,Chaos,True,40,58
78,Normal,True,19,58
79,Classic,True,5,160
79,Chaos,True,7,160
79,Normal,True,4,160
79,Classic,True,3,160
79,Chaos,True,9,160
79,Normal,True,7,160
79,Classic,True,6,160
79,Chaos,True,8,160
79,Normal,True,5,160
80,Classic,True,11,62
80,Chaos,True,9,62
80,Normal,True,20,62
80,Classic,True,53,62
80,Chaos,True,60,62
80,Normal,True,4,62
80,Classic,True,30,62
80,Chaos,True,6,62
80,Normal,True,27,62
81,Classic,True,2,160
81,Chaos,True,27,160
81,Normal,True,26,160
81,Classic,True,19,160
81,Chaos,True,17,160
81,Normal,True,54,160
81,Classic,True,15,160
81,Chaos,True,4,160
81,Normal,True,4,160
82,Classic,True,10,64
82,Chaos,True,17,64
82,Normal,True,1,64
82,Classic,True,6,64
82,Chaos,True,18,64
82,Normal,True,48,64
82,Classic,True,5,64
82,Chaos,True,12,64
82,Normal,True,4,64
83,Classic,True,12,64
83,Chaos,True,22,64
83,Normal,True,19,64
83,Classic,False,64,64
83,Chaos,True,19,64
83,Normal,True,7,64
83,Classic,True,33,64
83,Chaos,True,21,64
83,Normal,True,12,64
84,Classic,True,14,64
84,Chaos,True,6,64
84,Normal,True,28,64
84,Classic,True,19,64
84,Chaos,True,17,64
84,Normal,True,15,64
84,Classic,True,15,64
84,Chaos,True,2,64
84,Normal,True,8,64
85,Classic,True,26,64
85,Chaos,True,15,64
85,Normal,True,10,64
85,Classic,True,47,64
85,Chaos,True,12,64
85,Normal,True,13,64
85,Classic,True,30,64
85,Chaos,True,19,64
85,Normal,True,14,64
86,Classic,True,16,64
86,Chaos,True,43,64
86,Normal,True,4,64
86,Classic,True,21,64
86,Chaos,True,7,64
86,Normal,True,13,64
86,Classic,True,13,64
86,Chaos,True,11,64
86,Normal,True,17,64
87,Classic,True,13,64
87,Chaos,True,15,64
87,Normal,True,25,64
87,Classic,True,45,64
87,Chaos,True,16,64
87,Normal,True,18,64
87,Classic,True,34,64
87,Chaos,True,3,64
87,Normal,True,17,64
88,Classic,True,36,72
88,Chaos,True,42,72
88,Normal,True,35,72
88,Classic,True,40,72
88,Chaos,True,58,72
88,Normal,True,42,72
88,Classic,True,63,72
88,Chaos,True,30,72
88,Normal,True,41,72
89,Classic,True,2,160
89,Chaos,True,2,160
89,Normal,True,1,160
89,Classic,True,8,160
89,Chaos,True,5,160
89,Normal,True,3,160
89,Classic,True,9,160
89,Chaos,True,3,160
89,Normal,True,4,160
90,Classic,True,17,64
90,Chaos,True,5,64
90,Normal,True,26,64
90,Classic,True,5,64
90,Chaos,True,4,64
90,Normal,True,25,64
90,Classic,True,20,64
90,Chaos,True,9,64
90,Normal,True,17,64
91,Classic,True,6,160
91,Chaos,True,11,160
91,Normal,True,12,160
91,Classic,True,24,160
91,Chaos,True,37,160
91,Normal,True,17,160
91,Classic,True,43,160
91,Chaos,True,19,160
91,Normal,True,12,160
92,Classic,True,23,66
92,Chaos,True,7,66
92,Normal,True,23,66
92,Classic,True,30,66
92,Chaos,True,15,66
92,Normal,True,2,66
92,Classic,True,11,66
92,Chaos,True,10,66
92,Normal,True,33,66
93,Classic,True,8,66
93,Chaos,True,17,66
93,Normal,True,42,66
93,Classic,True,11,66
93,Chaos,True,9,66
93,Normal,True,8,66
93,Classic,True,16,66
93,Chaos,True,6,66
93,Normal,True,9,66
94,Classic,True,12,66
94,Chaos,True,19,66
94,Normal,True,2,66
94,Classic,True,52,66
94,Chaos,True,21,66
94,Normal,True,18,66
94,Classic,True,39,66
94,Chaos,True,21,66
94,Normal,True,8,66
95,Classic,True,17,66
95,Chaos,True,6,66
95,Normal,True,5,66
95,Classic,True,44,66
95,Chaos,True,19,66
95,Normal,True,4,66
95,Classic,True,39,66
95,Chaos,True,14,66
95,Normal,True,3,66
96,Classic,True,16,66
96,Chaos,True,7,66
96,Normal,True,8,66
96,Classic,True,10,66
96,Chaos,True,22,66
96,Normal,True,13,66
96,Classic,True,18,66
96,Chaos,True,17,66
96,Normal,True,11,66
97,Classic,True,14,66
97,Chaos,True,13,66
97,Normal,True,6,66
97,Classic,True,6,66
97,Chaos,True,16,66
97,Normal,True,10,66
97,Classic,True,17,66
97,Chaos,True,9,66
97,Normal,True,5,66
98,Classic,True,57,74
98,Chaos,True,19,74
98,Normal,True,25,74
98,Classic,True,46,74
98,Chaos,True,30,74
98,Normal,True,48,74
98,Classic,True,58,74
98,Chaos,True,30,74
98,Normal,True,26,74
99,Classic,True,3,160
99,Chaos,True,6,160
99,Normal,True,3,160
99,Classic,True,2,160
99,Chaos,True,9,160
99,Normal,True,2,160
99,Classic,True,7,160
99,Chaos,True,2,160
99,Normal,True,13,160
100,Classic,True,2,160
100,Chaos,True,1,160
100,Normal,True,5,160
100,Classic,True,3,160
100,Chaos,True,1,160
100,Normal,True,6,160
100,Classic,True,9,160
100,Chaos,True,2,160
100,Normal,True,3,160
