Level,Pacing,Moves,Objectives,Rocks,FrostLayers,Birds,Machines,Packages
1,Introduction,Unlimited,Score:400,0,0,0,0,False
2,Build,Unlimited,Score:550,0,0,0,0,False
3,Build,Unlimited,Score:700,0,0,0,0,False
4,Build,Unlimited,Score:840 + ClearColor:12 Yellow,0,0,0,0,False
5,Build,Unlimited,Score:900 + ClearColor:12 Green,0,0,0,0,False
6,Build,Unlimited,Score:960 + ClearColor:13 Yellow,0,0,0,0,False
7,Build,Unlimited,Score:1020 + ClearColor:13 Green,0,0,0,0,False
8,Build,Unlimited,Score:1080 + ClearColor:14 Yellow,0,0,0,0,False
9,Recovery,Unlimited,Score:600 + ClearColor:8 Green,0,0,0,0,False
10,Build,Unlimited,Score:1200 + ClearColor:15 Yellow,0,0,0,0,False
11,Introduction,Unlimited,Score:910 + ClearColor:12 Green,0,0,0,0,False
12,Build,50,Score:970 + ClearColor:13 Yellow,0,0,0,0,False
13,Build,50,Score:1030 + ClearColor:13 Green,0,0,0,0,False
14,Build,50,Score:1090 + ClearColor:14 Yellow,0,0,0,0,False
15,Build,50,Score:1150 + ClearColor:14 Green,0,0,0,0,False
16,Build,50,Score:1210 + ClearColor:15 Yellow,0,0,0,0,False
17,Build,50,Score:1270 + ClearColor:15 Green,0,0,0,0,False
18,Challenge,46,Score:1930 + ClearColor:20 Yellow,0,0,0,0,False
19,Recovery,Unlimited,Score:700 + ClearColor:9 Green,0,0,0,0,False
20,Build,50,Score:1450 + ClearColor:17 Yellow,0,0,0,0,False
21,Introduction,Unlimited,Score:1160 + ClearColor:14 Green + UnlockTiles:2,2,0,0,0,False
22,Build,52,Score:1220 + ClearColor:15 Yellow + UnlockTiles:2,2,0,0,0,False
23,Build,52,Score:1280 + ClearColor:15 Green,0,0,0,0,False
24,Build,52,Score:1340 + ClearColor:16 Yellow + UnlockTiles:2,2,0,0,0,False
25,Build,52,Score:1400 + ClearColor:16 Green + UnlockTiles:2,2,0,0,0,False
26,Build,52,Score:1460 + ClearColor:17 Yellow,0,0,0,0,False
27,Build,52,Score:1520 + ClearColor:17 Green + UnlockTiles:2,2,0,0,0,False
28,Challenge,48,Score:2180 + ClearColor:22 Yellow + UnlockTiles:4,4,0,0,0,False
29,Recovery,Unlimited,Score:800 + ClearColor:10 Green,0,0,0,0,False
30,Build,52,Score:1700 + ClearColor:19 Yellow + UnlockTiles:2,2,0,0,0,False
31,Introduction,Unlimited,ClearColor:16 Green + UnlockTiles:2 + ClearFrost:4,2,4,0,0,False
32,Build,54,ClearColor:17 Yellow + UnlockTiles:2 + ClearFrost:4,2,4,0,0,False
33,Build,54,Score:1530 + ClearColor:17 Green,0,0,0,0,False
34,Build,54,ClearColor:18 Yellow + UnlockTiles:2 + ClearFrost:4,2,4,0,0,False
35,Build,54,Score:1650 + ClearColor:18 Green + UnlockTiles:2,2,0,0,0,False
36,Build,54,Score:1710 + ClearColor:19 Yellow + ClearFrost:4,0,4,0,0,False
37,Build,54,Score:1770 + ClearColor:19 Green + UnlockTiles:2,2,0,0,0,False
38,Challenge,50,ClearColor:24 Yellow + UnlockTiles:4 + ClearFrost:9,4,9,0,0,False
39,Recovery,Unlimited,Score:900 + ClearColor:11 Green,0,0,0,0,False
40,Build,54,ClearColor:21 Yellow + UnlockTiles:2 + ClearFrost:4,2,4,0,0,False
41,Introduction,Unlimited,UnlockTiles:3 + ClearFrost:4 + RescueBirds:1,3,4,1,0,False
42,Build,56,ClearColor:19 Yellow + UnlockTiles:3 + ClearFrost:4,3,4,0,0,False
43,Build,56,Score:1780 + ClearColor:19 Green + RescueBirds:1,0,0,1,0,False
44,Build,68,ClearColor:20 Yellow + UnlockTiles:3 + ClearFrost:4,3,4,0,0,False
45,Build,56,ClearColor:20 Green + UnlockTiles:3 + RescueBirds:1,3,0,1,0,False
46,Build,56,Score:1960 + ClearColor:21 Yellow + ClearFrost:4,0,4,0,0,False
47,Build,56,ClearColor:21 Green + UnlockTiles:3 + RescueBirds:1,3,0,1,0,False
48,Challenge,64,UnlockTiles:4 + ClearFrost:10 + RescueBirds:1,4,10,1,0,False
49,Recovery,Unlimited,Score:1000 + ClearColor:12 Green,0,0,0,0,False
50,Build,56,ClearColor:23 Yellow + UnlockTiles:3 + ClearFrost:4,3,4,0,0,False
51,Introduction,Unlimited,UnlockTiles:3 + ClearFrost:4 + RescueBirds:1,3,4,1,0,True
52,Build,58,ClearColor:21 Yellow + UnlockTiles:3 + ClearFrost:4,3,4,0,0,True
53,Build,70,Score:2030 + ClearColor:21 Green + RescueBirds:1,0,0,1,0,True
54,Build,58,ClearColor:22 Yellow + UnlockTiles:3 + ClearFrost:4,3,4,0,0,True
55,Build,58,ClearColor:22 Green + UnlockTiles:3 + RescueBirds:1,3,0,1,0,True
56,Build,58,Score:2210 + ClearColor:23 Yellow + ClearFrost:4,0,4,0,0,True
57,Build,58,ClearColor:23 Green + UnlockTiles:3 + RescueBirds:1,3,0,1,0,True
58,Challenge,54,UnlockTiles:4 + ClearFrost:10 + RescueBirds:1,4,10,1,0,True
59,Recovery,Unlimited,Score:1100 + ClearColor:13 Green,0,0,0,0,True
60,Build,58,ClearColor:25 Yellow + UnlockTiles:3 + ClearFrost:4,3,4,0,0,True
61,Introduction,Unlimited,ClearFrost:5 + RescueBirds:1 + DestroyFrostMachines:1,3,5,1,1,True
62,Build,60,ClearColor:23 Yellow + UnlockTiles:3 + ClearFrost:5,3,5,0,0,True
63,Build,60,Score:2280 + ClearColor:23 Green + RescueBirds:1,0,0,1,0,True
64,Build,60,ClearColor:24 Yellow + UnlockTiles:3 + ClearFrost:5,3,5,0,0,True
65,Build,72,UnlockTiles:3 + RescueBirds:1 + DestroyFrostMachines:1,3,0,1,1,True
66,Build,60,Score:2460 + ClearColor:25 Yellow + ClearFrost:5,0,5,0,0,True
67,Build,60,ClearColor:25 Green + UnlockTiles:3 + RescueBirds:1,3,0,1,0,True
68,Challenge,68,ClearFrost:17 + RescueBirds:1 + DestroyFrostMachines:1,4,17,1,1,True
69,Recovery,Unlimited,Score:1200 + ClearColor:14 Green,0,0,0,0,True
70,Build,60,UnlockTiles:3 + ClearFrost:5 + DestroyFrostMachines:1,3,5,0,1,True
71,Introduction,Unlimited,ClearFrost:5 + RescueBirds:1 + DestroyFrostMachines:1,3,5,1,1,True
72,Build,62,ClearColor:25 Yellow + UnlockTiles:3 + ClearFrost:5,3,5,0,0,True
73,Build,62,Score:2530 + ClearColor:25 Green + RescueBirds:1,0,0,1,0,True
74,Build,62,ClearColor:26 Yellow + UnlockTiles:3 + ClearFrost:5,3,5,0,0,True
75,Build,62,UnlockTiles:3 + RescueBirds:1 + DestroyFrostMachines:1,3,0,1,1,True
76,Build,62,Score:2710 + ClearColor:27 Yellow + ClearFrost:5,0,5,0,0,True
77,Build,62,ClearColor:27 Green + UnlockTiles:3 + RescueBirds:1,3,0,1,0,True
78,Challenge,58,ClearFrost:17 + RescueBirds:2 + DestroyFrostMachines:1,4,17,2,1,True
79,Recovery,Unlimited,Score:1300 + ClearColor:15 Green,0,0,0,0,True
80,Build,62,UnlockTiles:3 + ClearFrost:5 + DestroyFrostMachines:1,3,5,0,1,True
81,Introduction,Unlimited,ClearFrost:5 + RescueBirds:1 + DestroyFrostMachines:1,4,5,1,1,True
82,Build,64,ClearColor:27 Yellow + UnlockTiles:4 + ClearFrost:5,4,5,0,0,True
83,Build,64,Score:2780 + ClearColor:27 Green + RescueBirds:1,0,0,1,0,True
84,Build,64,ClearColor:28 Yellow + UnlockTiles:4 + ClearFrost:5,4,5,0,0,True
85,Build,64,UnlockTiles:4 + RescueBirds:1 + DestroyFrostMachines:1,4,0,1,1,True
86,Build,64,Score:2960 + ClearColor:29 Yellow + ClearFrost:5,0,5,0,0,True
87,Build,64,ClearColor:29 Green + UnlockTiles:4 + RescueBirds:1,4,0,1,0,True
88,Challenge,72,ClearFrost:18 + RescueBirds:2 + DestroyFrostMachines:2,4,18,2,2,True
89,Recovery,Unlimited,Score:1400 + ClearColor:16 Green,0,0,0,0,True
90,Build,64,UnlockTiles:4 + ClearFrost:5 + DestroyFrostMachines:1,4,5,0,1,True
91,Introduction,Unlimited,ClearFrost:6 + RescueBirds:1 + DestroyFrostMachines:1,4,6,1,1,True
92,Build,66,ClearColor:29 Yellow + UnlockTiles:4 + ClearFrost:6,4,6,0,0,True
93,Build,66,Score:3030 + ClearColor:29 Green + RescueBirds:1,0,0,1,0,True
94,Build,66,ClearColor:30 Yellow + UnlockTiles:4 + ClearFrost:6,4,6,0,0,True
95,Build,66,UnlockTiles:4 + RescueBirds:1 + DestroyFrostMachines:1,4,0,1,1,True
96,Build,66,Score:3210 + ClearColor:31 Yellow + ClearFrost:6,0,6,0,0,True
97,Build,66,ClearColor:31 Green + UnlockTiles:4 + RescueBirds:1,4,0,1,0,True
98,Challenge,74,ClearFrost:18 + RescueBirds:2 + DestroyFrostMachines:2,4,18,2,2,True
99,Recovery,Unlimited,Score:1500 + ClearColor:17 Green,0,0,0,0,True
100,Recovery,Unlimited,Score:1500 + ClearColor:17 Yellow,0,0,0,0,True
